"respondent_id","canal","fecha_hora","duracion_segundos","estado","S1 - ¿Qué describe mejor tu trabajo?","Q1 - Semanas con más horas de las previstas (últimas 12)","Q2 - Veces con encargos solapados en fechas (12 semanas)","Q3 - De quién recibiste asignaciones (últimas 12 semanas)","Q4 - Asignación nueva con fechas ya ocupadas por otro","Q5 - Antelación con la que te enteras de una asignación","Q6 - Qué hiciste la última vez que tuviste más carga","Q7 - Cuándo registras tus dedicaciones en Bizmeo","Q8 - Veces que te pidieron corregir registros (último mes)","Q9 - Registro propio de horas aparte de Bizmeo","Q10 - Asignaste y descubriste encargos que no conocías","Q11 - Cómo compruebas la carga antes de asignar","Q12 - Última vez con más trabajo del asumible: qué pasó","R1 - Has vivido de cerca un caso de sobrecarga (3 meses)","R2 - Aceptarías una conversación de 30 minutos","R3 - Cómo te localizamos"
"R001","Grupo general de la empresa (Teams)","2026-10-01 09:15:05",312,"completa","Imparto formación y/o presto servicios de consultoría a clientes","6-9 semanas","3-5 veces","Director/a de consultoría; Director/a de formación","2-3 veces","Entre 2 y 7 días","Lo comenté y no cambió nada","A final de mes o cuando me lo piden","2-3 veces","Sí, en la agenda, notas o calendario",,,"Tuve dos cursos in company la misma semana, uno me lo paso formacion y otro consultoria, y ninguno sabia del otro. Acabé preparando material por las noches y un informe se entregó con 4 dias de retraso.","Sí","Sí","Marta Llorente - marta.llorente@example.com"
"R002","Grupo general de la empresa (Teams)","2026-10-01 09:27:26",158,"completa","Imparto formación y/o presto servicios de consultoría a clientes","1-2 semanas","Ninguna","Director/a de consultoría","Ninguna","Entre 1 y 2 semanas","Lo comenté y se reorganizó el trabajo","Al final de la semana","Ninguna","No",,,,"No",,
"R003","Grupo general de la empresa (Teams)","2026-10-01 12:09:25",241,"completa","Imparto formación y/o presto servicios de consultoría a clientes","3-5 semanas","3-5 veces","Director/a de formación; Directamente del cliente","1 vez","Menos de 2 días","No se lo comenté a nadie","Al final de la semana","1 vez","Sí, en una hoja de cálculo",,,"Un cliente me llamó directamente para adelantar una sesión y dije que si sin mirar bien, luego tuve que mover otra cosa y pedir perdón a otro cliente.","Sí","No",
"R004","Grupo general de la empresa (Teams)","2026-10-01 16:03:58",398,"completa","Imparto formación y/o presto servicios de consultoría a clientes; Asigno trabajo (cursos, servicios, clientes) a otras personas del equipo","10 o más semanas","6 o más veces","Director/a de consultoría; Director/a de formación; Directamente del cliente","4 o más veces","Entre 2 y 7 días","Lo comenté y no cambió nada","A final de mes o cuando me lo piden","4 o más veces","Sí, en una hoja de cálculo","3-5 veces","Miro mi propia hoja de cálculo; Se lo pregunto a la persona","Semana de locos en septiembre. Tenia tres formaciones y una auditoria, y encima tuve que reasignar un curso a un compañero que al final también iba hasta arriba, cosa que no sabía porque en Bizmeo no aparecía nada. Perdimos casi un día entero recolocando.","Sí","Sí","Jorge Pascual, jorge.pascual@example.com"
"R005","Grupo general de la empresa (Teams)","2026-10-01 16:06:23",52,"completa","Administración, facturación o dirección, sin impartir ni asignar",,,,,,,,,,,,,"No",,
"R006","Grupo general de la empresa (Teams)","2026-10-01 16:13:02",176,"completa","Imparto formación y/o presto servicios de consultoría a clientes","Ninguna","Ninguna","Director/a de formación","Ninguna","Entre 2 y 4 semanas","No he tenido más carga de la prevista en los últimos 3 meses","El mismo día","Ninguna","No",,,"a mi no me ha pasado ultimamente","No",,
"R007","Grupo general de la empresa (Teams)","2026-10-01 17:03:04",134,"completa","Asigno trabajo (cursos, servicios, clientes) a otras personas del equipo",,,,,,,,,,"Ninguna","Miro mi propia hoja de cálculo; Se lo pregunto a la persona","Creo que se exagera un poco, cuando alguien va justo se habla y se mueve algo.","No",,
"R008","Grupo general de la empresa (Teams)","2026-10-02 09:36:37",88,"completa","Asigno trabajo (cursos, servicios, clientes) a otras personas del equipo",,,,,,,,,,"No lo sé","Se lo pregunto a la persona",,"Sí","No",
"R009","Grupo general de la empresa (Teams)","2026-10-02 13:03:14",267,"completa","Imparto formación y/o presto servicios de consultoría a clientes","3-5 semanas","1-2 veces","Director/a de consultoría; Directamente del cliente","1 vez","Menos de 2 días","Lo comenté y se reorganizó el trabajo","Durante la semana, cada 2-3 días","Ninguna","Sí, en la agenda, notas o calendario",,,"El cliente pidió ampliar horas del proyecto de un día para otro y lo absorbí yo. Nadie más se enteró hasta la reunión del lunes","Sí","Sí","lucia.ferrer@example.com"
"R010","Grupo general de la empresa (Teams)","2026-10-02 16:07:14",61,"completa","Imparto formación y/o presto servicios de consultoría a clientes","Ninguna","Ninguna","Director/a de consultoría","Ninguna","Menos de 2 días","No he tenido más carga de la prevista en los últimos 3 meses","El mismo día","Ninguna","No",,,,"No",,
"R011","Grupo general de la empresa (Teams)","2026-10-02 16:27:03",289,"completa","Imparto formación y/o presto servicios de consultoría a clientes","6-9 semanas","6 o más veces","Director/a de consultoría; Director/a de formación; Gestor/a de operaciones","2-3 veces","Entre 2 y 7 días","No se lo comenté a nadie","A final de mes o cuando me lo piden","2-3 veces","Sí, en la agenda, notas o calendario",,,"Me juntaron un curso de 20h con la entrega de un diagnostico. Lo dije tarde, la verdad, porque pensé que llegaba.","Sí","Sí","Andrés Molina - amolina@example.com"
"R012","Grupo general de la empresa (Teams)","2026-10-02 17:40:37",149,"completa","Imparto formación y/o presto servicios de consultoría a clientes","1-2 semanas","1-2 veces","Gestor/a de operaciones","Ninguna","Entre 1 y 2 semanas","Lo comenté y se reorganizó el trabajo","Durante la semana, cada 2-3 días","Ninguna","No",,,,"No",,
"R013","Grupo general de la empresa (Teams)","2026-10-05 09:35:54",171,"completa","Imparto formación y/o presto servicios de consultoría a clientes","No lo sé","1-2 veces","Director/a de formación","No lo sé","Entre 2 y 7 días","Lo comenté y no cambió nada","Al final de la semana","1 vez","Sí, en la agenda, notas o calendario",,,"no se, depende mucho del mes","Sí","No",
"R014","Grupo general de la empresa (Teams)","2026-10-05 10:18:26",97,"parcial","Imparto formación y/o presto servicios de consultoría a clientes","10 o más semanas","3-5 veces","Director/a de consultoría; Director/a de formación","2-3 veces","Menos de 2 días",,,,,,,,,,
"R015","Grupo general de la empresa (Teams)","2026-10-05 10:34:07",205,"completa","Imparto formación y/o presto servicios de consultoría a clientes","1-2 semanas","Ninguna","Director/a de consultoría","Ninguna","Entre 1 y 2 semanas","Lo comenté y se reorganizó el trabajo","El mismo día","Ninguna","Sí, en una hoja de cálculo",,,"Cuando le pasó a un compañero se repartió entre dos, sin más","Sí","Sí",
"R016","Grupo general de la empresa (Teams)","2026-10-05 16:19:35",143,"completa","Administración, facturación o dirección, sin impartir ni asignar",,,,,,,,,,,,"Tuvimos que retrasar la facturación de un cliente porque faltaban horas en Bizmeo de dos personas que estaban a tope. Estuve una tarde entera cruzando su excel con lo que había en el sistema.","Sí","Sí","Elena Castro, elena.castro@example.com"
"R017","Grupo general de la empresa (Teams)","2026-10-05 16:36:40",276,"completa","Imparto formación y/o presto servicios de consultoría a clientes; Asigno trabajo (cursos, servicios, clientes) a otras personas del equipo","3-5 semanas","3-5 veces","Director/a de formación; Directamente del cliente","1 vez","Menos de 2 días","Lo comenté y no cambió nada","A final de mes o cuando me lo piden","2-3 veces","Sí, en una hoja de cálculo","1-2 veces","Miro Bizmeo; Se lo pregunto a la persona","Me pisé yo misma: asigné una formación a alguien sin saber que consultoría le había metido un proyecto esa semana. Nos dimos cuenta el viernes antes.","Sí","No",
"R018","Grupo general de la empresa (Teams)","2026-10-05 17:11:06",238,"completa","Imparto formación y/o presto servicios de consultoría a clientes","3-5 semanas","3-5 veces","Directamente del cliente; Otra persona","Ninguna","Menos de 2 días","No se lo comenté a nadie","Al final de la semana","1 vez","Sí, de otra forma",,,"Los clientes me escriben a mi directamente y acepto sin mirar mucho, luego me toca hacer horas el finde. No es culpa de nadie en realidad","Sí","Sí","por Teams, soy Iván"
"R019","Grupo general de la empresa (Teams)","2026-10-06 10:23:06",118,"completa","Imparto formación y/o presto servicios de consultoría a clientes","Ninguna","1-2 veces","Director/a de formación","Ninguna","Más de 4 semanas","No he tenido más carga de la prevista en los últimos 3 meses","Durante la semana, cada 2-3 días","Ninguna","No",,,,"No",,
"R020","Grupo general de la empresa (Teams)","2026-10-06 10:31:43",83,"completa","Imparto formación y/o presto servicios de consultoría a clientes","3-5 semanas","Ninguna","Director/a de consultoría","Ninguna","Entre 2 y 7 días","No he tenido más carga de la prevista en los últimos 3 meses","Al final de la semana","Ninguna","No",,,,"Sí","No",
"R021","Grupo general de la empresa (Teams)","2026-10-06 12:29:37",162,"completa","Asigno trabajo (cursos, servicios, clientes) a otras personas del equipo",,,,,,,,,,"1-2 veces","Miro Bizmeo; Se lo pregunto al otro director o al gestor","Bizmeo no esta al dia asi que acabo preguntando igualmente, se pierde tiempo","Sí","Sí","Tomás Rey - tomas.rey@example.com"
"R022","Grupo general de la empresa (Teams)","2026-10-06 16:03:39",344,"completa","Imparto formación y/o presto servicios de consultoría a clientes","6-9 semanas","3-5 veces","Director/a de consultoría; Director/a de formación","4 o más veces","Entre 2 y 7 días","Lo comenté y no cambió nada","No suelo registrarlas","4 o más veces","Sí, en una hoja de cálculo",,,"Cada vez que pasa es lo mismo, me entero de un curso nuevo cuando ya tengo la semana llena con cosas de consultoria. Registro las horas cuando puedo porque no me da la vida, y luego me piden corregirlas y es otra hora más perdida. Lo he dicho varias veces.","Sí","Sí","Carla Soto, carla.soto@example.com"
"R023","Grupo general de la empresa (Teams)","2026-10-06 16:27:49",45,"completa","Administración, facturación o dirección, sin impartir ni asignar",,,,,,,,,,,,,"No",,
"R024","Grupo general de la empresa (Teams)","2026-10-06 16:45:04",167,"completa","Imparto formación y/o presto servicios de consultoría a clientes","1-2 semanas","1-2 veces","Director/a de formación; Gestor/a de operaciones","1 vez","Entre 1 y 2 semanas","Lo comenté y se reorganizó el trabajo","Durante la semana, cada 2-3 días","1 vez","Sí, en la agenda, notas o calendario",,,"Se movió un curso a la semana siguiente y listo","No",,
"R025","Grupo general de la empresa (Teams)","2026-10-07 10:50:11",112,"parcial","Imparto formación y/o presto servicios de consultoría a clientes","1-2 semanas","Ninguna","Director/a de consultoría","Ninguna","Entre 2 y 4 semanas","Lo comenté y se reorganizó el trabajo","El mismo día","Ninguna",,,,,,,
"R026","Grupo general de la empresa (Teams)","2026-10-07 15:23:19",229,"completa","Imparto formación y/o presto servicios de consultoría a clientes; Asigno trabajo (cursos, servicios, clientes) a otras personas del equipo","1-2 semanas","1-2 veces","Director/a de consultoría","Ninguna","Entre 2 y 4 semanas","Lo comenté y se reorganizó el trabajo","Durante la semana, cada 2-3 días","Ninguna","Sí, en una hoja de cálculo","Ninguna","Miro mi propia hoja de cálculo","Yo lo veo más un problema de picos puntuales (septiembre y enero) que de algo continuo.","No",,
"R027","Grupo general de la empresa (Teams)","2026-10-07 18:49:15",186,"completa","Imparto formación y/o presto servicios de consultoría a clientes","10 o más semanas","6 o más veces","Director/a de consultoría; Director/a de formación; Directamente del cliente","2-3 veces","Menos de 2 días","No se lo comenté a nadie","A final de mes o cuando me lo piden","2-3 veces","Sí, en la agenda, notas o calendario",,,,"Sí","No",
"R028","Grupo general de la empresa (Teams)","2026-10-08 09:36:19",96,"completa","Administración, facturación o dirección, sin impartir ni asignar",,,,,,,,,,,,"a veces me entero por las facturas de que alguien ha hecho el doble de horas, pero no sé si eso cuenta como sobrecarga","No",,
"R029","Grupo general de la empresa (Teams)","2026-10-08 16:31:56",104,"completa","Imparto formación y/o presto servicios de consultoría a clientes","No lo sé","No lo sé","Otra persona","No lo sé","Entre 1 y 2 semanas","Lo comenté y no cambió nada","A final de mes o cuando me lo piden","1 vez","No",,,,"No",,
"R030","Grupo general de la empresa (Teams)","2026-10-09 12:46:28",58,"parcial","Imparto formación y/o presto servicios de consultoría a clientes","3-5 semanas","1-2 veces","Director/a de formación",,,,,,,,,,,,
